{
  "project_info": {
    "project_number": "1090735245743",
    "project_id": "tax-aid-f9b67",
    "storage_bucket": "tax-aid-f9b67.appspot.com"
  },
  "client": [
    {
      "client_info": {
        "mobilesdk_app_id": "1:1090735245743:android:aaf5275417350b3a4a875a",
        "android_client_info": {
          "package_name": "com.example.demo"
        }
      },
      "oauth_client": [
        {
          "client_id": "1090735245743-brdsl8t4comnhvt11btca6e4k3a5ft4i.apps.googleusercontent.com",
          "client_type": 3
        }
      ],
      "api_key": [
        {
          "current_key": "AIzaSyBs2AP8-tZIToyQrCq7WIGmrY0qS07AbyA"
        }
      ],
      "services": {
        "appinvite_service": {
          "other_platform_oauth_client": [
            {
              "client_id": "1090735245743-brdsl8t4comnhvt11btca6e4k3a5ft4i.apps.googleusercontent.com",
              "client_type": 3
            }
          ]
        }
      }
    }
  ],
  "configuration_version": "1"
}